{"cameraMode":{"drawMode":0,"name":"Shaded","section":"Shading Mode"},"sceneLighting":true,"audioPlay":false,"sceneViewState":{"showFog":false,"showMaterialUpdate":false,"showSkybox":true,"showFlares":false,"showImageEffects":false,"showParticleSystems":false},"in2DMode":false,"pivot":{"x":-9.938968658447266,"y":-1.6655960083007813,"z":4.322092056274414},"rotation":{"x":0.2513839304447174,"y":-0.3110458552837372,"z":0.08568278700113297,"w":0.9125396609306336},"size":19.703123092651368,"orthographic":false}