{"cameraMode":{"drawMode":0,"name":"Shaded","section":"Shading Mode"},"sceneLighting":true,"audioPlay":false,"sceneViewState":{"showFog":false,"showMaterialUpdate":false,"showSkybox":true,"showFlares":false,"showImageEffects":false,"showParticleSystems":false},"in2DMode":false,"pivot":{"x":-2.997974395751953,"y":-1.2301788330078126,"z":-2.4105002880096437},"rotation":{"x":-0.670824408531189,"y":-0.0015292150201275945,"z":0.0014212006935849786,"w":-0.741633415222168},"size":12.563488960266114,"orthographic":false}