{"cameraMode":{"drawMode":0,"name":"Shaded","section":"Shading Mode"},"sceneLighting":true,"audioPlay":false,"sceneViewState":{"showFog":false,"showMaterialUpdate":false,"showSkybox":true,"showFlares":false,"showImageEffects":false,"showParticleSystems":false},"in2DMode":false,"pivot":{"x":2.252589225769043,"y":-6.401447296142578,"z":1.6416549682617188},"rotation":{"x":0.6828886866569519,"y":-0.010961595922708512,"z":0.010247327387332917,"w":0.7303765416145325},"size":15.875020980834961,"orthographic":false}