{"cameraMode":{"drawMode":0,"name":"Shaded","section":"Shading Mode"},"sceneLighting":true,"audioPlay":false,"sceneViewState":{"showFog":false,"showMaterialUpdate":false,"showSkybox":true,"showFlares":false,"showImageEffects":false,"showParticleSystems":false},"in2DMode":false,"pivot":{"x":2.9284896850585939,"y":-0.1889019012451172,"z":0.2551736831665039},"rotation":{"x":-0.5675849914550781,"y":-0.07309716194868088,"z":0.05072152614593506,"w":-0.8185132145881653},"size":12.805541038513184,"orthographic":false}