{"cameraMode":{"drawMode":0,"name":"Shaded","section":"Shading Mode"},"sceneLighting":true,"audioPlay":false,"sceneViewState":{"showFog":false,"showMaterialUpdate":false,"showSkybox":true,"showFlares":false,"showImageEffects":false,"showParticleSystems":false},"in2DMode":false,"pivot":{"x":0.15251393616199494,"y":-1.1025314331054688,"z":-1.1486401557922364},"rotation":{"x":-0.670824408531189,"y":-0.0015292150201275945,"z":0.0014212006935849786,"w":-0.741633415222168},"size":12.977471351623536,"orthographic":false}