{"cameraMode":{"drawMode":0,"name":"Shaded","section":"Shading Mode"},"sceneLighting":true,"audioPlay":false,"sceneViewState":{"showFog":false,"showMaterialUpdate":false,"showSkybox":true,"showFlares":false,"showImageEffects":false,"showParticleSystems":false},"in2DMode":false,"pivot":{"x":-2.133467197418213,"y":-1.0429916381835938,"z":-1.0113399028778077},"rotation":{"x":-0.6926488280296326,"y":-0.013384552672505379,"z":0.01289636641740799,"w":-0.7210536003112793},"size":12.81334400177002,"orthographic":false}