{"cameraMode":{"drawMode":0,"name":"Shaded","section":"Shading Mode"},"sceneLighting":true,"audioPlay":false,"sceneViewState":{"showFog":false,"showMaterialUpdate":false,"showSkybox":true,"showFlares":false,"showImageEffects":false,"showParticleSystems":false},"in2DMode":false,"pivot":{"x":-0.8632042407989502,"y":-1.0890531539916993,"z":-1.5068950653076172},"rotation":{"x":-0.5675849914550781,"y":-0.07309716194868088,"z":0.05072152614593506,"w":-0.8185132145881653},"size":8.859820365905762,"orthographic":false}