{"cameraMode":{"drawMode":0,"name":"Shaded","section":"Shading Mode"},"sceneLighting":true,"audioPlay":false,"sceneViewState":{"showFog":false,"showMaterialUpdate":false,"showSkybox":true,"showFlares":false,"showImageEffects":false,"showParticleSystems":false},"in2DMode":false,"pivot":{"x":0.37626492977142336,"y":-1.051401138305664,"z":-0.6401807069778442},"rotation":{"x":-0.670824408531189,"y":-0.0015292150201275945,"z":0.0014212006935849786,"w":-0.741633415222168},"size":11.266752243041993,"orthographic":false}